from,subject,body,expected
m.alharbi@company.sa,بخصوص الأسبوع الجاي,ودي أغيب الثلاثاء والأربعاء عشان عندي ارتباط عائلي خارج الرياض.,إجازة
r.otaibi@company.sa,وش صار على معاملتي,رفعت طلب تعديل المسمى الوظيفي من شهر ولين الحين ما شفت أي تحديث.,متابعة
cv.sender@outlook.com,فرصة عمل,أرفقت ملفي الشخصي وأتمنى النظر فيه لأي شاغر مناسب في قسمكم.,توظيف
a.ghamdi@company.sa,نقاش ضروري,أحتاج موعد معكم على انفراد بخصوص أسلوب التعامل داخل الفريق. الوضع ما عاد مريح.,شكوى
payroll@company.sa,كشف الرواتب لشهر صفر,مرفق الكشف النهائي. للاطلاع فقط ولا يحتاج إجراء منكم.,أخرى
s.dossari@company.sa,سؤال عن التأمين الطبي,هل يشمل التأمين الوالدين؟ وإذا يشمل كيف أضيفهم؟,استفسار
n.zahrani@company.sa,إجازة وضع,أبغى أبدأ إجازة الوضع من بداية الشهر الجاي حسب النظام.,إجازة
t.shammari@company.sa,تذكير بطلبي,أذكركم بطلب شهادة تعريف بالراتب اللي رفعته الأحد الماضي. محتاجها مستعجل.,متابعة
hiring@agency.com,عرض خدمات توظيف,نقدم خدمات استقطاب الكفاءات ونود عرض باقاتنا عليكم.,أخرى
y.qahtani@company.sa,ظروف طارئة,توفي أحد أقاربي وأحتاج مغادرة اليوم وأكون خارج الدوام ثلاثة أيام.,إجازة
f.mutairi@company.sa,استفسار بخصوص بدل النقل,لاحظت تغير في مبلغ بدل النقل هذا الشهر. ممكن توضيح السبب؟,استفسار
h.balawi@company.sa,ما أقدر أكمل كذا,زميلي في المكتب يتصرف بطريقة مزعجة بشكل متكرر وأبلغت مشرفي وما تغير شي.,شكوى
